,Final_Revenue,Positive (%),Negative (%),Neutral (%)
Final_Revenue,1.0,0.20211145669800398,-0.4380792122563442,0.7871779652482743
Positive (%),0.20211145669800398,1.0,-0.9658529723156074,-0.3852400472341015
Negative (%),-0.4380792122563442,-0.9658529723156074,1.0,0.13299201770838212
Neutral (%),0.7871779652482743,-0.3852400472341015,0.13299201770838212,1.0
